Workbook

Sheet 요약
A1: 2026 졸업준비위원회 예산 확정안 (10/13 기준)
A2: 전시지원비 10.12 공문 확정 · 회의비 1인 30,000원 · 굿즈 지원 없음 → 전시 환경 예산 · 노란 칸 = 입력/확인 필요
A4: ① 재원 | B4: 금액 | C4: 사용처 | D4: 결제
A5: 납부 인원 | B5: 113 | C5: 17팀
A6: 학생회비 | B6: =100000*B5 -> 11300000 | C6: 제한 없음 | D6: 총무
A7: 성과전시지원비 | B7: 2500000 | C7: 전시 물품 · 렌탈 · 인쇄물 (회의비 · IT 기기 구매 · 개인 소장 불가) · 올해 아이맥 대여 | D7: 사업단
A8: 전시지원비 | B8: =25000*B5 -> 2825000 | C8: 소모성 경비 (회의비 · 식비 불가) · 10.12 공문 1인 25,000원 | D8: 사업단
A9: 운영 예산 합계 | B9: =SUM(B6:B8) -> 16625000
A10: 시제품제작지원비 | B10: =시제품제작비!D12 -> 13560000 | C10: 가벽 공제 후 팀 자율 (장비 대여 · 인쇄물) · 굿즈 불가 | D10: 사업단
A11: 전체 예산 | B11: =B9+B10 -> 30185000
A13: ② 운영 예산 책정 | B13: 금액 | C13: 비고
A14: 졸준위 팀 예산 | B14: =졸준위예산_항목별!B45 -> 12445065 | C14: 6개 팀 · 시트 졸준위예산_항목별
A15: 전시 환경 예산 | B15: =20000*B5 -> 2260000 | C15: 공간 연출 · 부스 환경 · 조명 · 안내 사인 등 · 학생회비 (굿즈 지원 대신)
A16: 예비비 | B16: =ROUND((B14-졸준위예산_항목별!F20)*0.1,-4) -> 1000000 | C16: 졸준위 팀 예산(아이맥 제외)의 10% · 학생회비
A17: 최종 예산 | B17: =B14+B15+B16 -> 15705065
A18: 남는 금액 | B18: =B9-B17 -> 919935
A20: ③ 재원별 배정 | B20: 확보 | C20: 졸준위 팀 배정 | D20: 전시 환경 | E20: 예비비 | F20: 남음
A21: 학생회비 | B21: =B6 -> 11300000 | C21: =졸준위예산_항목별!C45 -> 7397610 | D21: =B15 -> 2260000 | E21: =B16 -> 1000000 | F21: =B21-C21-D21-E21 -> 642390
A22: 성과전시지원비 | B22: =B7 -> 2500000 | C22: =졸준위예산_항목별!D45 -> 2431000 | D22: 0 | E22: 0 | F22: =B22-C22-D22-E22 -> 69000
A23: 전시지원비 | B23: =B8 -> 2825000 | C23: =졸준위예산_항목별!E45 -> 2616455 | D23: 0 | E23: 0 | F23: =B23-C23-D23-E23 -> 208545
A24: 합계 | B24: =SUM(B21:B23) -> 16625000 | C24: =SUM(C21:C23) -> 12445065 | D24: =SUM(D21:D23) -> 2260000 | E24: =SUM(E21:E23) -> 1000000 | F24: =SUM(F21:F23) -> 919935
A26: ④ 남는 금액 투입 가안 | B26: 금액 | C26: 재원
A27: ① 전시팀 가벽 확대 (26개 · 600만원 수준) | B27: 350000 | C27: 성과전시 · 전시지원비 남음 먼저, 부족분 학생회비
A28: 그중 성과전시지원비 | B28: =MIN(B27,F22) -> 69000
A29: 그중 전시지원비 | B29: =MIN(B27-B28,F23) -> 208545
A30: 그중 학생회비 | B30: =B27-B28-B29 -> 72455
A31: ② 오프닝팀 추가 상품 · 행사 | B31: 0 | C31: 학생회비 · 이번 안은 없음
A32: ③ 예산안 증액 대비 | B32: =F21-B30-B31 -> 569935 | C32: 학생회비 남음 전부 · 안 쓰면 전시 후 반환
A33: ④ 전시 후 회비 반환 | B33: =B18-B27-B31-B32 -> 0
A34: 1인 반환 | B34: =B33/B5 -> 0
A35: 1인 반환 (③ 미사용 시) | B35: =(B33+B32)/B5 -> 5043.6726
A37: ⑤ 회비 점검 | B37: 금액 | C37: 비고
A38: 학생회비로 내는 금액 | B38: =C21+D21+E21 -> 10657610 | C38: 회의비 · 선물 · 상품 · IT 기기 · 지원비 잔액 부족분 · 전시 환경 · 예비비
A39: 1인 필요 회비 | B39: =B38/B5 -> 94315.133 | C39: 확정 회비 100,000원
A41: 참고 · 연도별 | B41: 1인 회비 | C41: 인원 | D41: 운영 예산
A42: 2023 | B42: 70000 | C42: 93 | D42: 12470000
A43: 2024 | B43: 45000 | C43: 103 | D43: 10085000
A44: 2025 | B44: 60000 | C44: 120 | D44: 12900000
A45: 2026 | B45: 100000 | C45: =B5 -> 113 | D45: =B9 -> 16625000

Sheet 졸준위예산_항목별
A1: 졸준위 예산 항목별 (운영 예산 = 학생회비 · 성과전시지원비 · 전시지원비)
A2: 가벽 · 백월 · 아이맥 대여는 시제품제작비(시트 '시제품제작비'). 상태: 견적 = 업체 견적·링크 / 단가 = 단가 확정 / 잠정 = 2025 같은 항목 금액 / 전환 = 2025에 시제품제작비로 냈던 항목 / 미정. 회의비는 전 팀 1인 30,000원.
A4: 팀 | B4: 구분 | C4: 항목 | D4: 수량 | E4: 단가 | F4: 금액 | G4: 재원 | H4: 상태 | I4: 근거
A5: 오프닝팀 | B5: 세레모니 | C5: 플라스틱 샴페인잔 (200개 묶음) | D5: 200 | E5: 462 | F5: =D5*E5 -> 92400 | G5: 전시지원비 | H5: 견적 | I5: 예비예산안 · KJPT
A6: 오프닝팀 | B6: 세레모니 | C6: 페인트마커 12색 | D6: 3 | E6: 3780 | F6: =D6*E6 -> 11340 | G6: 전시지원비 | H6: 견적 | I6: 예비예산안 · 배송비 별도
A7: 오프닝팀 | B7: 졸업생·교수님 선물 | C7: 케이크 모양 손수건 (최소주문 170개) | D7: 1 | E7: 568140 | F7: =D7*E7 -> 568140 | G7: 학생회비 | H7: 견적 | I7: 부가세 포함
A8: 오프닝팀 | B8: 졸업생·교수님 선물 | C8: 책갈피 맞춤 제작 133개 | D8: 1 | E8: 118710 | F8: =D8*E8 -> 118710 | G8: 학생회비 | H8: 견적 | I8: 마플 133×870+3,000
A9: 오프닝팀 | B9: 졸업생·교수님 선물 | C9: 브랜딩 프린팅 타월 133개 | D9: 133 | E9: 6000 | F9: =D9*E9 -> 798000 | G9: 학생회비 | H9: 단가 | I9: 수건닷컴 후보 · 2025 자수 타올 6,500원
A10: 오프닝팀 | B10: 게임 | C10: 게임 상품비 | D10: 1 | E10: 300000 | F10: =D10*E10 -> 300000 | G10: 학생회비 | H10: 단가 | I10: 상품 구성 추후 확정
A11: 오프닝팀 | B11: 행사 상품 | C11: 행사 상품 (30인분) | D11: 30 | E11: 60000 | F11: =D11*E11 -> 1800000 | G11: 학생회비 | H11: 단가 | I11: 1인 6만원 기준 (5만원이면 −300,000)
A12: 오프닝팀 | B12: 선물 포장 | C12: 포장 상자 · 카드택 · 리본 · 포장지 | D12: 1 | E12: 190650 | F12: =D12*E12 -> 190650 | G12: 전시지원비 | H12: 잠정 | I12: 2025 동일 항목 합계
A13: 오프닝팀 | B13: 기타 | C13: 리본커팅식 | D13: 1 | E13: 19000 | F13: =D13*E13 -> 19000 | G13: 전시지원비 | H13: 잠정 | I13: 2025 공단 리본끈
A14: 오프닝팀 | B14: 기타 | C14: 전시 초대장 | D14: 0 | E14: 0 | F14: =D14*E14 -> 0 | G14: – | H14: 미정 | I14: 브랜딩 인쇄물과 함께 진행할지 미정
A15: 전시팀 | B15: 집기 | C15: 부스 테이블 · 테이블보 (15팀) | D15: 1 | E15: 440000 | F15: =D15*E15 -> 440000 | G15: 전시지원비 | H15: 견적 | I15: 노션 견적 (rentalfr) · 2025에도 테이블 렌탈은 전시지원금
A16: 전시팀 | B16: 집기 | C16: 리셉션 테이블 1000×450 | D16: 1 | E16: 99000 | F16: =D16*E16 -> 99000 | G16: 전시지원비 | H16: 견적 | I16: 8t-16t · 엘리베이터 앞
... A24: 브랜딩팀 | B24: 인쇄물 | C24: 대형 현수막 3종 | D24: 1 | E24: 302900 | F24: =D24*E24 -> 302900 | G24: 전시지원비 | H24: 잠정 | I24: 600×320 · 690×220 · 430×300
A25: 브랜딩팀 | B25: 인쇄물 | C25: 엽서 · 컬러 시트 커팅 · 스태프 명찰 | D25: 1 | E25: 85195 | F25: =D25*E25 -> 85195 | G25: 전시지원비 | H25: 잠정
A26: 브랜딩팀 | B26: 렌탈 | C26: 즉석 사진기 대여 (3일) | D26: 1 | E26: 359000 | F26: =D26*E26 -> 359000 | G26: 학생회비 | H26: 잠정 | I26: 성과전시는 아이맥에 사용
A27: 브랜딩팀 | B27: 운영 | C27: 회의비 | D27: 8 | E27: 30000 | F27: =D27*E27 -> 240000 | G27: 학생회비 | H27: 단가 | I27: 8인 × 30,000
A28: 브랜딩팀 | B28: 기타 | C28: 에어마우스 · 웹 도메인 · 편집 툴 · 포장 봉투 | D28: 1 | E28: 138500 | F28: =D28*E28 -> 138500 | G28: 학생회비 | H28: 잠정 | I28: IT 기기 · 소프트웨어는 지원비 불가
A29: 브랜딩팀 | B29: 인쇄물 | C29: 3D 리플렛 300부 · 명함 · 현수막 2종 · 아크릴 명찰 | D29: 1 | E29: 433460 | F29: =D29*E29 -> 433460 | G29: 학생회비 | H29: 전환 | I29: 2025 시제품 항목 · 전시지원비 잔액 부족
A30: 영상팀 | B30: 운영 | C30: 회의비 | D30: 10 | E30: 30000 | F30: =D30*E30 -> 300000 | G30: 학생회비 | H30: 단가 | I30: 10인 × 30,000
A31: 영상팀 | B31: 촬영 | C31: 촬영 장비 대여 · 소모품 | D31: 1 | E31: 120000 | F31: =D31*E31 -> 120000 | G31: 전시지원비 | H31: 잠정 | I31: 2025 배정 기준
A32: 본부 | B32: 운영 | C32: 졸업전시 사이트 도메인 연장 | D32: 1 | E32: 118800 | F32: =D32*E32 -> 118800 | G32: 학생회비 | H32: 잠정 | I32: 2024 · 2025 동일 금액 (카페24)
A33: 본부 | B33: 운영 | C33: 회의비 | D33: 2 | E33: 30000 | F33: =D33*E33 -> 60000 | G33: 학생회비 | H33: 단가 | I33: 2인 × 30,000
A35: 합계 | F35: =SUM(F5:F33) -> 12445065
A37: 팀별 · 재원별 합계
A38: 팀 | B38: 팀 예산 | C38: 학생회비 | D38: 성과전시지원비 | E38: 전시지원비 | F38: 2025 비교 | G38: 비고
A39: 오프닝팀 | B39: =SUMIF($A$5:$A$33,A39,$F$5:$F$33) -> 3898240 | C39: =SUMIFS($F$5:$F$33,$A$5:$A$33,A39,$G$5:$G$33,"학생회비") -> 3584850 | D39: =SUMIFS($F$5:$F$33,$A$5:$A$33,A39,$G$5:$G$33,"성과전시지원비") -> 0 | E39: =SUMIFS($F$5:$F$33,$A$5:$A$33,A39,$G$5:$G$33,"전시지원비") -> 313390 | F39: 1859970
A40: 전시팀 | B40: =SUMIF($A$5:$A$33,A40,$F$5:$F$33) -> 3371130 | C40: =SUMIFS($F$5:$F$33,$A$5:$A$33,A40,$G$5:$G$33,"학생회비") -> 1923000 | D40: =SUMIFS($F$5:$F$33,$A$5:$A$33,A40,$G$5:$G$33,"성과전시지원비") -> 0 | E40: =SUMIFS($F$5:$F$33,$A$5:$A$33,A40,$G$5:$G$33,"전시지원비") -> 1448130 | F40: 9106560 | G40: 노션 6,362,000 중 가벽 · 백월 · 배송 5,463,000은 시제품 ⓐ
A41: 하드웨어팀 | B41: =SUMIF($A$5:$A$33,A41,$F$5:$F$33) -> 2771000 | C41: =SUMIFS($F$5:$F$33,$A$5:$A$33,A41,$G$5:$G$33,"학생회비") -> 240000 | D41: =SUMIFS($F$5:$F$33,$A$5:$A$33,A41,$G$5:$G$33,"성과전시지원비") -> 2431000 | E41: =SUMIFS($F$5:$F$33,$A$5:$A$33,A41,$G$5:$G$33,"전시지원비") -> 100000 | F41: 2273600 | G41: 아이맥 17대 대여 2,431,000 포함 (성과전시)
A42: 브랜딩팀 | B42: =SUMIF($A$5:$A$33,A42,$F$5:$F$33) -> 1805895 | C42: =SUMIFS($F$5:$F$33,$A$5:$A$33,A42,$G$5:$G$33,"학생회비") -> 1170960 | D42: =SUMIFS($F$5:$F$33,$A$5:$A$33,A42,$G$5:$G$33,"성과전시지원비") -> 0 | E42: =SUMIFS($F$5:$F$33,$A$5:$A$33,A42,$G$5:$G$33,"전시지원비") -> 634935 | F42: 1836115 | G42: 이벤트 소품(굿즈) 150,220 제외
A43: 영상팀 | B43: =SUMIF($A$5:$A$33,A43,$F$5:$F$33) -> 420000 | C43: =SUMIFS($F$5:$F$33,$A$5:$A$33,A43,$G$5:$G$33,"학생회비") -> 300000 | D43: =SUMIFS($F$5:$F$33,$A$5:$A$33,A43,$G$5:$G$33,"성과전시지원비") -> 0 | E43: =SUMIFS($F$5:$F$33,$A$5:$A$33,A43,$G$5:$G$33,"전시지원비") -> 120000 | F43: 180000
A44: 본부 | B44: =SUMIF($A$5:$A$33,A44,$F$5:$F$33) -> 178800 | C44: =SUMIFS($F$5:$F$33,$A$5:$A$33,A44,$G$5:$G$33,"학생회비") -> 178800 | D44: =SUMIFS($F$5:$F$33,$A$5:$A$33,A44,$G$5:$G$33,"성과전시지원비") -> 0 | E44: =SUMIFS($F$5:$F$33,$A$5:$A$33,A44,$G$5:$G$33,"전시지원비") -> 0 | F44: 158800
A45: 합계 | B45: =SUM(B39:B44) -> 12445065 | C45: =SUM(C39:C44) -> 7397610 | D45: =SUM(D39:D44) -> 2431000 | E45: =SUM(E39:E44) -> 2616455 | F45: =SUM(F39:F44) -> 15415045
A46: ※ 2025 비교는 회비 · 지원금 실제 집행 + 2025 시제품 항목. 2025엔 가벽 · 백월 · 아이맥이 운영 예산에 들어 있었음.

Sheet 시제품제작비
A1: 시제품제작지원비 (팀 배정액 · 졸준위 운영 예산과 별도)
A2: 1인 120,000원 × 팀 인원 · 가벽 · 백월 공제 후 잔액은 팀 자율(장비 대여 · 인쇄물) · 굿즈 불가(어느 예산으로도 지원 안 함) · 지정 업체: 인쇄 레드프린팅 · 장비 대여 알앤텍
A4: 1인 배정 | B4: 120000
A5: 1인 가벽 · 백월 공제 (잠정) | B5: 50000 | C5: 견적 확정 후 수정 (교수님 승인 · 담당부서 확인 조건)
A8: 팀 인원 | B8: 팀 수 | C8: 인원 합계 | D8: 팀 배정액 | E8: 가벽 · 백월 공제 | F8: 팀 자율 (장비 대여 · 인쇄물) | G8: 1인 자율
A9: 6 | B9: 9 | C9: =A9*B9 -> 54 | D9: =A9*$B$4 -> 720000 | E9: =A9*$B$5 -> 300000 | F9: =D9-E9 -> 420000 | G9: =F9/A9 -> 70000
A10: 7 | B10: 5 | C10: =A10*B10 -> 35 | D10: =A10*$B$4 -> 840000 | E10: =A10*$B$5 -> 350000 | F10: =D10-E10 -> 490000 | G10: =F10/A10 -> 70000
A11: 8 | B11: 3 | C11: =A11*B11 -> 24 | D11: =A11*$B$4 -> 960000 | E11: =A11*$B$5 -> 400000 | F11: =D11-E11 -> 560000 | G11: =F11/A11 -> 70000
A12: 합계 | B12: =SUM(B9:B11) -> 17 | C12: =SUM(C9:C11) -> 113 | D12: =SUMPRODUCT(D9:D11,B9:B11) -> 13560000 | E12: =SUMPRODUCT(E9:E11,B9:B11) -> 5650000 | F12: =SUMPRODUCT(F9:F11,B9:B11) -> 7910000
A13: ※ 2025년 1인 인쇄 110,000원(레드프린팅) + 화방 10,000원. 아이맥 대여는 올해 성과전시지원비(졸준위 하드웨어팀)로 결제.
A15: No | B15: 팀장 | C15: 부문 | D15: 인원 | E15: 배정액 | F15: 가벽 · 백월 공제 | G15: 팀 자율
A16: 1 | B16: 이한숲 | C16: 졸업전시 브랜딩 | D16: 8 | E16: =D16*$B$4 -> 960000 | F16: =D16*$B$5 -> 400000 | G16: =E16-F16 -> 560000
A17: 2 | B17: 한수현 | C17: 신규 서비스 | D17: 6 | E17: =D17*$B$4 -> 720000 | F17: =D17*$B$5 -> 300000 | G17: =E17-F17 -> 420000
A18: 3 | B18: 정서영 | C18: 신규 서비스 | D18: 6 | E18: =D18*$B$4 -> 720000 | F18: =D18*$B$5 -> 300000 | G18: =E18-F18 -> 420000
A19: 4 | B19: 김기현 | C19: 신규 서비스 | D19: 6 | E19: =D19*$B$4 -> 720000 | F19: =D19*$B$5 -> 300000 | G19: =E19-F19 -> 420000
A20: 5 | B20: 김유란 | C20: 신규 서비스 | D20: 6 | E20: =D20*$B$4 -> 720000 | F20: =D20*$B$5 -> 300000 | G20: =E20-F20 -> 420000
A21: 6 | B21: 손예찬 | C21: 신규 서비스 | D21: 7 | E21: =D21*$B$4 -> 840000 | F21: =D21*$B$5 -> 350000 | G21: =E21-F21 -> 490000
A22: 7 | B22: 윤채원 | C22: 신규 서비스 | D22: 6 | E22: =D22*$B$4 -> 720000 | F22: =D22*$B$5 -> 300000 | G22: =E22-F22 -> 420000
A23: 8 | B23: 백귀리 | C23: 신규 서비스 | D23: 6 | E23: =D23*$B$4 -> 720000 | F23: =D23*$B$5 -> 300000 | G23: =E23-F23 -> 420000
A24: 9 | B24: 조윤정 | C24: 신규 서비스 | D24: 6 | E24: =D24*$B$4 -> 720000 | F24: =D24*$B$5 -> 300000 | G24: =E24-F24 -> 420000
A25: 10 | B25: 곽효진 | C25: 신규 서비스 | D25: 6 | E25: =D25*$B$4 -> 720000 | F25: =D25*$B$5 -> 300000 | G25: =E25-F25 -> 420000
A26: 11 | B26: 이준 | C26: 신규 서비스 | D26: 7 | E26: =D26*$B$4 -> 840000 | F26: =D26*$B$5 -> 350000 | G26: =E26-F26 -> 490000
A27: 12 | B27: 조강희 | C27: 인터랙티브 | D27: 8 | E27: =D27*$B$4 -> 960000 | F27: =D27*$B$5 -> 400000 | G27: =E27-F27 -> 560000
... A32: 17 | B32: 김우성 | C32: 영상 | D32: 7 | E32: =D32*$B$4 -> 840000 | F32: =D32*$B$5 -> 350000 | G32: =E32-F32 -> 490000
A33: 합계 | D33: =SUM(D16:D32) -> 113 | E33: =SUM(E16:E32) -> 13560000 | F33: =SUM(F16:F32) -> 5650000 | G33: =SUM(G16:G32) -> 7910000
A34: ※ 11번 팀 7인 반영 (총 113명)
A37: 지정 업체 | B37: 용도 | C37: 비고
A38: 레드프린팅 | B38: 인쇄물 | C38: 온라인 장바구니 → 조교님 계정 전달 · 사업단 결제 (2025에도 사용)
A39: 알앤텍 | B39: 장비 대여 | C39: 아이맥 견적 업체 · 팀별 장비 대여도 같은 업체로
A41: 가벽 · 백월 견적 | B41: A안 (일반 가벽) | C41: B안 (스탠딩 백월) | D41: 비고
A42: CS 가벽 24개 (팀당 3개 · 8팀) | B42: 4620000 | C42: 2376000 | D42: A 라이트너 / B 8t-16t
A43: 엘리베이터 앞 스탠다드 백월 7개 | B43: 693000 | C43: 693000 | D43: 공통 전시 환경
A44: 백월 배송비 | B44: 150000 | C44: 150000
A45: 견적 합계 | B45: =SUM(B42:B44) -> 5463000 | C45: =SUM(C42:C44) -> 3219000
A46: 공제 총액 | B46: =E12 -> 5650000 | C46: =E12 -> 5650000
A47: 여유 (공제 − 견적) | B47: =B46-B45 -> 187000 | C47: =C46-C45 -> 2431000 | D47: 확정 시 1인 공제액을 낮춰 팀 자율 금액을 늘릴 수 있음

Sheet 확인필요
A1: 확인할 것 (10/13 기준)
A3: # | B3: 항목 | C3: 내용 | D3: 담당 | E3: 시점
A4: 1 | B4: 전시지원비 사용 기준 | C4: 10.12 공문 기준 사용처(인쇄물 · 테이블 렌탈 · 가벽 렌탈 가능 여부) · 사용 기간 · 정산 마감 | D4: 위원장 → 조교님 | E4: 10/20 전
A5: 2 | B5: 아이맥 대여 결제 | C5: 알앤텍 2,431,000원을 성과전시지원비로 결제 가능한지 · 현금 선불 조건과 사업단 결제 · 전자세금계산서 | D5: 위원장 → 조교님 · 하드웨어팀 | E5: 10/20 전
A6: 3 | B6: 2026 캡스톤 지원비 공문 | C6: 성과전시 · 시제품제작비 사용 기간 · 정산 마감 · 결제 사업단 | D6: 위원장 → 조교님 | E6: 10/20 전
A7: 4 | B7: 가안 팀 예산안 | C7: 브랜딩 · 영상 · 본부 · 하드웨어 공통 설비 금액을 노션에 입력 (현재 2025 기준 가안) | D7: 각 팀장 | E7: 10/20 소집 전
A8: 5 | B8: 전시팀 가벽 방식 · 규모 | C8: A안 5,463,000 / B안 3,219,000 · 확대 규모 (남는 금액 ①) | D8: 전시팀 | E8: 교수님 승인 후
A9: 6 | B9: 팀 자율 시제품비 | C9: 지정 업체 두 곳(레드프린팅 · 알앤텍) 안내 · 팀별 장바구니 마감일 | D9: 본부 · 하드웨어팀
A10: 7 | B10: 오프닝 예산 | C10: 선물 3종 동시 구성 여부 · 행사 상품 단가(5만/6만) | D10: 오프닝팀 · 위원장
A11: 8 | B11: 전시 환경 예산 | C11: 공간 연출 · 부스 환경 세부 항목과 업체 정리 | D11: 전시팀 · 교수님 승인
A12: 9 | B12: 지원비 결제 | C12: 업체 사업자등록증 · 하루 전 결제 · 70만원 이상 전자세금계산서 · 온라인은 조교님께 계정 전달 | D12: 각 팀 · 총무 | E12: 상시
A13: 10 | B13: 정산 · 반환 | C13: 전시 후 정산 · 회비 반환 일정과 방법 공지 | D13: 본부(총무) | E13: 전시 후
